PrimalResidual,DualResidual
0.5977594840079318,34.67409952691053
0.04652898062873437,0.6068091462734907
0.0476402038077753,0.2870694893752154
0.053825827508392585,0.2806318302080928
0.05033664683469371,0.27580477179292856
0.04323802399028607,0.27185756648931886
0.04498241536922105,0.266979312703299
0.052296423729508615,0.26075559040473134
0.04774291580984004,0.256222053471062
0.04278756253984693,0.2523176351754954
0.03927343089150815,0.24832259543082263
0.04499288742525852,0.24378158658911864
0.04560344602258197,0.23867237616359538
0.047763245802774655,0.23373843913838063
0.04132154891180785,0.22982292824236264
0.03820727999854485,0.22626958608451422
0.03943071641310024,0.22250632765274317
0.03844448644457902,0.2190067705862527
0.03608748452190027,0.21619825479895763
0.033413230334828514,0.21349275395672349
0.03591364615725003,0.21020390618386237
0.036248465244811824,0.20674318451013723
0.03749675978054132,0.2030213055796022
0.03766427438138675,0.19948278063280228
0.03495602844414915,0.19668210319640556
0.03398186444677393,0.19383947889024053
0.03383336254335362,0.19114841806277025
0.03097023223397834,0.18855182057172215
0.032111801248740655,0.18586477199996318
0.02928550313121376,0.18380101030639318
0.03137880960012085,0.1813336790131468
0.02989233318178792,0.17909653417657717
0.02776871580791071,0.17721969062737702
0.027797527639724182,0.17500317696277282
0.03037566893221315,0.1724631607183871
0.0287170995466228,0.17039969310038855
0.02424308967687385,0.16898382658331462
0.02338818825147823,0.16740494518318447
0.026531255625222402,0.16537736074782577
0.025335986075596586,0.16352037348123688
0.02553681180159198,0.16179215780514622
0.02556682161525946,0.16001511079507627
0.0230492687727802,0.1586111383084899
0.024117612117580425,0.15671809670086875
0.027773083855439314,0.15430414462446276
0.02517171735324068,0.1527350917987821
0.022417454479279918,0.15169025729546215
0.020285801389323437,0.15063767353037194
0.019732058362645567,0.14956411965967334
0.020812231418954413,0.148192487682697
0.022206269827652458,0.1466593876288228
0.022229706133395585,0.1452027294984468
0.024078371944540017,0.143458331993438
0.02422522861029059,0.14186809177772972
0.0227079142330752,0.1405890979017167
0.020274509466704324,0.13967083431176902
0.020323422081114845,0.1386626395606191
0.021648111308728096,0.13726651503084095
0.02014397205514446,0.13608117352718488
0.020471388414156102,0.13483355308433845
0.02127926959890975,0.13358903961073118
0.02009224956597833,0.13252421064659806
0.020150848021532382,0.1314305857097398
0.019501917157326402,0.13043805220400415
0.018286646934309123,0.12957822313754766
0.019039858883510303,0.12851401487257674
0.019096394518778297,0.1273647626452144
0.021046046691767035,0.12566677463413695
0.024072009025027763,0.12352077016832022
0.0254078964033851,0.12143926981989907
0.025487533177793224,0.11949134114886244
0.02334469640533557,0.11831014665830611
0.020525507328470968,0.11755506820963874
0.020199865308868175,0.11639418583898363
0.021326183185435426,0.11476362566413038
0.021081381851658424,0.11327750220901978
0.020797531900956213,0.11205713027961024
0.019762914709816257,0.11101906481279493
0.02003879998007171,0.10980678521711357
0.01853306621463372,0.10900276386596397
0.016524507278738085,0.1084852642980893
0.014864540045465242,0.1078909257865667
0.014742420527857032,0.10723512823554492
0.015491906382683522,0.10649752441916206
0.015925871280574634,0.10560941813915016
0.01695026885867363,0.10464612653997656
0.016933578115924934,0.10377588816779564
0.016097223329104137,0.10310443322993834
0.01520618506658848,0.1025076313256356
0.015803834597394362,0.10176029025648735
0.015384653517062169,0.10093949460858483
0.015496830329597188,0.10013323435464624
0.01563328837310708,0.09937923572823956
0.014235341122588004,0.09885679278150732
0.013490118925189937,0.09838828061777204
0.013656435627358462,0.09791597830423396
0.012973734557181031,0.09749750772729066
0.012163575704421494,0.09713033263518676
0.012250475368245091,0.09674098387124859
0.012842895929072218,0.09619047701126857
0.014344085897095446,0.09546300398595531
0.014459484452299142,0.09481493651693491
0.013835638286546062,0.09438795310629336
0.013260440982554232,0.0940332402697434
0.013185358455051343,0.09341739990087897
0.013891478786122612,0.09281331677160273
0.01358065952236025,0.09220318019169042
0.013647750919242153,0.09168738944100145
0.013655634843023632,0.09107665728124056
0.013584483281679568,0.09047474187219907
0.013112597182482678,0.08996888945728566
0.01250611596161121,0.08950753585993798
0.012872342799953822,0.08900845504475505
0.013092014759455624,0.0884912121480458
0.012510417056747268,0.0881468087215014
0.012076101229969887,0.08790136920641042
0.011807641345782074,0.08752164718609894
0.011677772061083289,0.08717963574646857
0.01107295088961239,0.08682060862810469
0.012661214484448784,0.08628349028266881
0.013250627215201578,0.08550160754534061
0.013374215692642402,0.08491775110469303
0.013425344125594771,0.08438360872801637
0.013145415698772924,0.08394983412350296
0.012803411612843436,0.08355173428744626
0.012174073371436103,0.08320069038088468
0.011455726302211524,0.08294633350732865
0.011579917694848785,0.08260892559719464
0.01173654823693264,0.08220062550186108
0.01250334543135151,0.08164501409809642
0.012213622799442287,0.08113321552732619
0.012200126867832325,0.08077280761293153
0.01141371458533617,0.08052949063676729
0.010964101157849687,0.08030579331383793
0.010012273016347004,0.0801432138648808
0.009667401391086466,0.0798756487656351
0.009969666923744158,0.07956662034446665
0.009357669293473573,0.07933709939029444
0.009563324387230395,0.07907021011768384
0.010309419084539213,0.078505902382528
0.012513495583886064,0.07780765637829841
0.012628949586629211,0.07729136974454895
0.012748174229013755,0.07694310790654986
0.012013341556080746,0.07666685336601117
0.011021598865551189,0.07647225883925857
0.010185693330178904,0.07632224328884225
0.008792898428558292,0.07619636666763618
0.009627312485316104,0.07584410014985558
0.011474404970774683,0.07515530549219047
0.011690389303182749,0.07454867579664673
0.011912944026234391,0.0741332539116035
0.011499038513595081,0.07375839016879496
0.011077678004353471,0.07349709749498001
0.010557226598889847,0.07326291763858157
0.009857051426666675,0.07306785142308656
0.00932017765514657,0.0728169099595973
0.010205577926087723,0.07242225934798029
0.010827898917065202,0.07192427944132879
0.010754061562031429,0.07159211577338659
0.010493738632783184,0.0713451699456567
0.009987863429275733,0.07119015899129377
0.00933391391929656,0.07108823748341137
0.008918688689156632,0.07095955109298191
0.009001666561628095,0.07073463469141048
0.009484544005453654,0.07039345332330987
0.009829505989641924,0.06999485534887682
0.010624511161661281,0.06959483226153039
0.010474595065632782,0.06933182969683849
0.00996829656795934,0.06917137152159207
0.009454752972191451,0.0690351435224165
0.010144154148061173,0.06874048549181852
0.010083015841044573,0.0684104443927021
0.009672505535190333,0.06819124662890728
0.010195360890423253,0.06783211245570336
0.009878885801290043,0.06755453670744539
0.009299802535435749,0.06732428306939116
0.010019222137013818,0.06699406417369276
0.00985844844556757,0.06669113170411567
0.009886429238144919,0.06646936247542348
0.010045115384629509,0.06617879463075621
0.010424330765326336,0.06581979996655019
0.010259387921535225,0.06556610469690825
0.009512892494608233,0.06545357493144933
0.008715253811293252,0.06538291425444977
0.008478131309300923,0.06519816901795086
0.008455943775123573,0.06497030928647596
0.00880877128677026,0.06469884516024975
0.008670163594281173,0.06444932656627313
0.009890191556091315,0.06401655226548439
0.010022369277395875,0.06365582722855359
0.010279280529427877,0.06335948561467314
0.010981321882517403,0.06288547400690285
0.010990518560436183,0.06241807331690036
0.011044751771182127,0.06205429074463223
0.010430218493599527,0.06181300578662049
0.009891985407600471,0.06165004674887456
0.009289655398849924,0.061517851638563124
0.009214778063250884,0.06129542407249446
0.00888371977341807,0.06110373050145097
0.008602453735428896,0.06094285114315202
0.00855088138305954,0.06073389849873431
0.009165552692095532,0.06043342099540588
0.010057116143421464,0.05996285335866747
0.010465674767694982,0.059494300904237504
0.010175153851581561,0.05917190317034757
0.01033065596415719,0.05890011025543317
0.009938875581240222,0.05870475779016001
0.009378746573109985,0.05857965016996931
0.008949092156206243,0.058472496820104
0.008552005754337766,0.058334069727015506
0.008334360037009303,0.05810611738090322
0.008739288993024544,0.05783883717471296
0.009327888616861445,0.057435856589968255
0.009824251786771116,0.05702276403078448
0.009649206547482487,0.05674918960875807
0.009838202699837055,0.056509976303753894
0.009960882499881115,0.056210626501624374
0.009395053907882008,0.056011777036735225
0.009927991210416131,0.055659147410078054
0.009824934475222348,0.05535213573807223
0.009405243570396942,0.055127349015653505
0.009361400002805905,0.05495130874909717
0.008932196992548514,0.054795697296475855
0.008732090181092049,0.054671286174136635
0.008311432434752476,0.054557187633421184
0.008798399594659183,0.05426487423063104
0.008809258588279556,0.053990328217003475
0.008901933856260766,0.05373203872379211
0.00907566014666828,0.0534193706805532
0.009259088661138082,0.05308904900201306
0.009361558600803682,0.05283103277707432
0.009416853768560642,0.052610646063334626
0.009174769415597214,0.05241785383690933
0.008872942054925604,0.05228287194777933
0.008237293116520971,0.05218958168464601
0.008218079103183363,0.05204265035876852
0.008762286202907863,0.051722634294209056
0.008749942001231907,0.0513915100036171
0.009085069847144366,0.05110164690544016
0.009576301616877853,0.05075136030168165
0.009889608296550653,0.05030965782085976
0.010201509683851055,0.04995892755843832
0.009937364169010036,0.049700671212255916
0.009991819616785224,0.049392989565724875
0.010306386344238347,0.04906043450054174
0.00980977168417064,0.04884146929592782
0.009371323411653892,0.048713568763845166
0.008840391763225083,0.0486375972785492
0.008334876678260375,0.04855274421293082
0.007881710657427012,0.04840175686652366
0.007951922053880171,0.048224257012680134
0.007519930054967975,0.048052255480829933
0.00755051236546085,0.04783488353797428
0.007859119998919683,0.047570013082069
0.008509067566779289,0.047159212060397505
0.009374474466036816,0.04665937311238075
0.010034192940139342,0.04621619913787796
0.010086215567766621,0.045909557098194366
0.010002045467292714,0.045638854713837565
0.010907975352442988,0.04519791514870506
0.011055340384964203,0.04469846698529632
0.01082610008381645,0.04433600331280525
0.010678404353367183,0.044075033275418486
0.010248231480115893,0.04390753723801878
0.009982883793520943,0.0437079954048369
0.009518375098927868,0.04353441161071725
0.008895221565099126,0.043424824161527056
0.008378953693855433,0.043344596267070185
0.007705422998077889,0.04327820325603597
0.0072421413557429955,0.04319496246229247
0.00710225072238523,0.04308181749565192
0.007047817941780393,0.04294284934465898
0.0074630431323731905,0.042666717373820474
0.00798997695247573,0.042362424710496865
0.008162628060046426,0.042098684665389505
0.008185570119923474,0.041924239567348795
0.00795975052674861,0.041821590856823083
0.007843689197237437,0.04171232715792692
0.007478335536970631,0.0416374346356402
0.007359373244970066,0.04152182830065781
0.0070610836365427145,0.041415078473000196
0.00681733538546697,0.04130748476583849
0.006717956688046407,0.041206336691883214
0.006531612163360438,0.041084131369031045
0.006625286538003406,0.040959480684562295
0.006464833282362663,0.04084424759382702
0.0069867283723052745,0.04064364125972295
0.00699996952881461,0.040420225899221285
0.0071688180659022875,0.04022478792209421
0.007603971658692848,0.03996900139498759
0.007570076038413673,0.0397705390124055
0.007380101564872701,0.03965754290712369
0.007081872928710878,0.03960334904565626
0.006768842189495378,0.03955709279583391
0.006481034860343807,0.039512382818011824
0.006394471172258831,0.03941154707424916
0.006275369583153983,0.03932291764130362
0.00609520282460547,0.039259536839835414
0.006147946486721734,0.03913757974928278
0.006340676836304133,0.039000345600974366
0.0062366006352906145,0.03888514937175723
0.006210329825244333,0.03880329053237097
0.0061561591215022705,0.03871771950517994
0.006015315018089827,0.038642904567462624
0.0059171742671114275,0.03857626892111945
0.0056733691044960075,0.038520168344176535
0.005528397447934804,0.03846417950318729
0.005529617478306495,0.03839136278635351
0.005431436842335899,0.0383319974186337
0.0052925079517711785,0.03827396144879273
0.0053540849283358685,0.03821149911077023
0.005386531850479328,0.038109436169592115
0.00542713688416508,0.03802123787237923
0.005373855317569274,0.03795620512990834
0.005323989210365376,0.03789974595626723
0.005223090999258146,0.037857110469422924
0.005158207474779567,0.03779548569263981
0.005098559169846667,0.037742987442383344
0.004921068560324192,0.037708061607572556
0.004726388571153995,0.0376879473783202
0.0048788982550534935,0.037617775218853344
0.004904753757542569,0.0375249552862036
0.004943497036958519,0.03744642994605101
0.005108166922437155,0.037355950695150575
0.0053471750852638385,0.03724481484031778
0.005398745829886911,0.037152573916431786
0.005379394762548302,0.03709080423192011
0.005277999000449201,0.037036229357065124
0.005293333516867077,0.03697768307257254
0.0052196902537162025,0.03687710348164888
0.005329493422662498,0.0367859416345004
0.0052534679223706065,0.03669276317964285
0.005270371957483761,0.036610379533527006
0.005390848220087872,0.03651918265813922
0.005391074912980754,0.036426884204192204
0.005625609209195496,0.0362608365185657
0.006002608391583417,0.0360741358692587
0.006240412701030912,0.035893072355962986
0.0062211173088385936,0.03577092932756592
0.006227462358031243,0.03565629881229457
0.00613620531257853,0.03557404778693292
0.006032060182739147,0.03550010661565821
0.005933459112284115,0.03543111225233669
0.005807712165463798,0.03534414821231164
0.005988543310747505,0.035241958881676166
0.005689486937409062,0.03516386277876965
0.005534421504710201,0.035113389526244584
0.005214250439023687,0.035078917165528904
0.004980379674710304,0.03505164812804763
0.004747738973080139,0.03501326044255163
0.004646053973381429,0.03497247322343549
0.004408280853258837,0.034936558155720644
0.00420859741467471,0.0349110453861959
0.004035956154089016,0.034887423094077344
0.0039549514365121744,0.03485192400841594
0.004116357468908045,0.03478825412013671
0.004260430133925389,0.0347192366042397
0.004559153714601259,0.03461407586302321
0.004823036261728692,0.03451208651593368
0.005092473558537139,0.034360622355044425
0.005766099409312833,0.0341615174246165
0.005728001254059395,0.03400302015226123
0.005784590055796541,0.03390238781645325
0.005684957499040738,0.033838653663262816
0.005507095631016432,0.03380556909841159
0.005285927949381371,0.03377387023611825
0.005177761023537644,0.03373513450266439
0.005102291240231501,0.03367232151101853
0.0051713275792260455,0.033559468242088296
0.005051585453326888,0.033476205936000474
0.004848537340358966,0.03341498872551079
0.004945153341016009,0.03333607039119871
0.004816859211327471,0.03325824009618109
0.0047314542906426735,0.03319490068478429
0.004667239344219675,0.03314457512995582
0.004615799520647751,0.033104084411017094
0.004546491575672867,0.03307163008548605
0.004454827352698145,0.03304600851433678
0.0044886000640372,0.03300459617923516
0.00432148642552791,0.032973738028062964
0.004156139231704804,0.03295499224273008
0.004032595007965192,0.032936085886358005
0.0039050604528247284,0.03291562594031577
0.003810179089292972,0.03288379349872761
0.0038452753425920654,0.032816106342099756
0.0043108023683968155,0.0327019512312361
0.00430601421573148,0.032603817458335994
0.004405214872513422,0.03252640378796674
0.004519009332963175,0.032462564586096254
0.004723509179046109,0.03234114573325469
0.0050796004347010235,0.0322071837147977
0.005225181584881216,0.03208620455162918
0.005199948483243079,0.032008953820631895
0.0052910905098663245,0.03191297642514312
0.005227344044624241,0.0318419669278
0.005057381243562965,0.03180042890554004
0.004956499972443799,0.03176102946421435
0.004776827153968027,0.03172925871662342
0.004647364171368132,0.031701728257197255
0.0045542457254626285,0.03167455405604706
0.004824548821456317,0.03156103320657887
0.005128694042391323,0.031400672887084806
0.00547065312023896,0.031218709009740383
0.005704532299699336,0.03101976867170397
0.005859136522318559,0.030867016253788994
0.006012428974333708,0.03072085831087239
0.005940684311570316,0.03061807903272679
0.005829060475649171,0.03055369131909286
0.0056554097597539986,0.030511837589205584
0.005454347355405011,0.030478190707673387
0.005358550605898086,0.030421279183835574
0.005276018858514195,0.030358797346322842
0.005334993256501106,0.030217069493526864
0.005679357870792595,0.030036678704040927
0.005828114155511051,0.02988240294133483
0.005916125511992439,0.029770109129903882
0.006183025775403629,0.029630242059629337
0.006158721915400486,0.029507095033688674
0.006296653760870121,0.0293931763658677
0.006226957193523933,0.029267719721336256
0.006239291512081465,0.029169566584202753
0.006237564906381014,0.02905682690355047
0.00619338241715722,0.028930727429871357
0.0061404886077486565,0.028823994562026844
0.006167657295935104,0.028726114510958675
0.005992684906615626,0.028652086715171235
0.005841523395325435,0.028600279191867087
0.005791281603046209,0.028530105724489722
0.0056449709038835965,0.028467177345245762
0.0055332068406505185,0.028417649704714464
0.005438654017402242,0.028362609740468253
0.005407154889274358,0.02830817656484749
0.005317815302050658,0.028263496138743155
0.005438775996580742,0.028177802062733043
0.0053163793557714605,0.028109523744727763
0.005219825845683669,0.028063699996133572
0.005099197476701384,0.028033333648142374
0.004963790667493504,0.027989121143056912
0.005042843360838535,0.027928342602376838
0.0049005283768855205,0.027875933454350514
0.004845275613740041,0.027829000295980327
0.004757883870779533,0.027790328496131996
0.004745791446787075,0.027740215526913095
0.004742098156143534,0.02768593860431058
0.004692632839986731,0.027637427026945063
0.004636039542543128,0.027593849666577047
0.004617092538909111,0.02754465589128453
0.00484909376948601,0.027441381003710873
0.005232262090868336,0.02728206780044141
0.00529961681298884,0.027156584472564634
0.005425485827407183,0.027045992552592348
0.005596007394047943,0.02694134264672741
0.005589987108166488,0.02684783126330052
0.0057786545897167306,0.02674162319302978
0.005660649148825011,0.026658166978971592
0.005554271658351719,0.026606676983937722
0.005419215996058683,0.02656870658968074
0.005298043335744861,0.02651428751764599
0.005304354059234092,0.026456862118346164
0.00522246481338639,0.02639689175964036
0.005076683911479381,0.026360492937665556
0.0049090314999459764,0.02633842257563628
0.004763973547021739,0.026319235141194837
0.004609261336947142,0.026301553158914182
0.004483095100549497,0.026270717367434804
0.004735083518636763,0.026178711304693583
0.004785073349671641,0.026051021700283724
0.004930423955739948,0.025927623663598767
0.004869669160123676,0.025841760113019856
0.004922907171237145,0.025765132399427865
0.00487788120684167,0.025694166559240818
0.004895713425129928,0.025635122645893522
0.004838335856526678,0.025587433357773248
0.004836571640382869,0.025533960489420606
0.004810473962387881,0.025485398983508906
0.004864783785967414,0.02542871701405653
0.004798130047923515,0.02538186340412646
0.004733532709485329,0.025351606231350295
0.004620306152102553,0.025333887938098248
0.004494779179394129,0.025316342761927776
0.004353825935990271,0.025297672346376313
0.0046262165684283155,0.02519736750522116
0.004803155851008526,0.025053198194850336
0.004833628899357814,0.02493014343871688
0.004898840307987056,0.02484411870716747
0.0049035979543868725,0.024781372049977827
0.004874937781085333,0.024728654677697765
0.005077916746397895,0.024606017812379727
0.005152960733668969,0.024488285901526356
0.005288987770807215,0.024362428261757822
0.005303073552170937,0.02427176036632265
0.005256960513736503,0.02419319722791762
0.005319016765421832,0.024116420190138543
0.005308339865295792,0.024026395447754686
0.00532549004957508,0.023954035415635604
0.005292912685924485,0.023883685348554246
0.0052866653981548375,0.023826706590081896
0.005172162057648317,0.02378916948406355
0.005018828018537714,0.023771138284021366
0.004850470831273883,0.023759897505458025
0.004707042469527547,0.0237307050672122
0.004703256027383395,0.023680200341921306
0.004582790504208055,0.02363244058307495
0.004479632491522906,0.023596180346143438
0.004376965708805997,0.023569944257341442
0.004288047587209457,0.023537058481818078
0.004241156707926638,0.023498087867688266
0.004124291242048591,0.023467619152821063
0.004024952124835283,0.023445528064586184
0.003931634072450829,0.023426842521452246
0.0038467034602033623,0.023408991171049366
0.00380858893432935,0.02337314651585033
0.0038549368001978197,0.023328729261298795
0.003907493510893518,0.023263817396290427
0.004197617230726111,0.023156401125137987
0.004383109336724024,0.023032788786996265
0.004573479060220788,0.022918610741193213
0.004700935558286091,0.0228236363364664
0.004796253518954609,0.0227521792456078
0.004816134730719287,0.02270138352817802
0.004920031159948339,0.022634676968554795
0.0048570338686563744,0.022572516442776705
0.004884545022889442,0.022519022383061377
0.004788850599340276,0.022478139149563623
0.004787483274002531,0.022417589614180916
0.004717724880655139,0.022371200400731227
0.004634311432021748,0.022338093069183246
0.004533006930626543,0.022316373944551663
0.00446693536105216,0.022288130667742632
0.00434757397042146,0.022266177237420515
0.004218378021029577,0.02225336501831408
0.004073429365000214,0.022246874124251744
0.003918536851524559,0.02224403083094228
0.003939159025377661,0.022192902950710112
0.003830935680420667,0.022153337808200127
0.003761385494005491,0.022111024980268033
0.0037362497859080067,0.022074111762287775
0.00402605260282404,0.021949984714388325
0.004141590042353671,0.021834506370542628
0.004246570200606174,0.021740766063833458
0.004334622765447144,0.02167057018612465
0.004374553533087426,0.021617083297882544
0.004384620899191658,0.021573707573264506
0.0044802971702063935,0.02149858390435238
0.004479907306113619,0.021438199132641993
0.004434525567615786,0.021396174727443852
0.004359303492977919,0.021369768543623234
0.004280851634455781,0.021329464270385828
0.004371445359242063,0.021187785872556014
0.004664650253988153,0.02103716987259382
0.004667723926259722,0.020906426145879876
0.004876177476231217,0.02076991429308007
0.004868160634722502,0.0206659436915078
0.004844536952928151,0.02059506931536353
0.004836955567014449,0.020526302427762717
0.004815554298384462,0.020450022101286932
0.004900997787462894,0.02035806640070397
0.004814308378145603,0.020290542819778132
0.004810227853479774,0.02021956146609931
0.004676014201298457,0.020145213340268055
0.004597702760340366,0.02009295532446338
0.0044010866574881406,0.02005744511734459
0.00436440715169677,0.01998451985025119
0.0043297057093972776,0.019911939349402084
0.004250502103435608,0.019839525514691852
0.004401187838226666,0.019747167697594117
0.004323168857911478,0.01966814572549994
0.004271504775327445,0.019615683530925007
0.004198891318739943,0.019573335124777883
0.004171549115931095,0.019529707720489255
0.004073484598123968,0.019491541816869795
0.004009253064079232,0.01942157941680536
0.004071407907697006,0.019352234328011333
0.004031639326484972,0.019280852222046087
0.004027778592202797,0.019226295148839796
0.003969246847127132,0.019184833304529324
0.0038998410334472513,0.019148840591419705
0.003825924842011543,0.01911671876903
0.003825790977705839,0.019067391710936587
0.0038654261288328102,0.018996231605963785
0.003841693862122259,0.018929385672196243
0.0038035804601255574,0.01888101378417928
0.0037505931871438707,0.018842218839070068
0.0036959995987559087,0.01881051802340572
0.003638557591507236,0.018782093588901472
0.0036232706216322783,0.018744261208484794
0.0036398339532487064,0.018704968674067984
0.003642158531517719,0.018668954118726294
0.0036368773839235377,0.018639390150069074
0.003638908872647828,0.01860569456508959
0.0036332215910066966,0.01857267306324013
0.0035884301489917127,0.018548327252923373
0.0035527270131684914,0.018515665911270584
0.0035758166793701234,0.018463191474678776
0.0035786757578818583,0.018417030638345263
0.003543943224822929,0.018381441654655835
0.0035252854000476057,0.018341202274368352
0.0035780103161722585,0.01829768721388351
0.0035721771917495673,0.018257014908633972
0.0035583786159156653,0.01822533703733788
0.0036160949423156637,0.018179371631017124
0.003566404793804706,0.018143051370082493
0.003529774715918776,0.018113290799562944
0.0034957173099301065,0.01808929491067527
0.0034284111950806362,0.01806715689940987
0.0033799463628649165,0.018048189478087548
0.003325897022298422,0.01802950000971501
0.0032878617323717427,0.01801027610915969
0.0033006479678155017,0.017985279978973433
0.0033043556738023313,0.017957607482210595
0.003383596095733591,0.01791980463131822
0.003411465697786542,0.017883416192894738
0.003464139978780779,0.01783881644116944
0.0036090262950696467,0.017782978497554017
0.0036036118905783477,0.01773735534236069
0.0035904179174659715,0.017708415852366856
0.0035421587777820277,0.017686182112024273
0.003492726602465501,0.017668754648136494
0.003444151776778909,0.017649132632257033
0.003365278944318274,0.017635560781055673
0.003269135596780692,0.017629056392650652
0.0031575400637597435,0.01762787792203508
0.003057519183262595,0.01762326843218535
0.002944253805632247,0.017619967393427992
0.0028458929271492966,0.017616413594626495
0.0027690590710694393,0.017610920845350285
0.0027200432502606014,0.01760206681155788
0.0027745195952547995,0.017573476648358774
0.0028004929014025424,0.01754325148411262
0.002844601772431605,0.017515576317023725
0.002912190877070869,0.01748343662450578
0.0029704560018625893,0.017454608545272938
0.00334731584361958,0.01736796350711911
0.003323435306923419,0.017294369886757123
0.003439629624936611,0.017233307496792277
0.0034552213670058876,0.01718990254119992
0.0034407450080865677,0.01716324839812848
0.0035959417339357317,0.017100901492903667
0.003561796949145868,0.017044141996465523
0.0035606279128140993,0.01700607101698517
0.0036128044163190698,0.016962801842653055
0.0035722928826919967,0.01690877379826104
0.003594412968280359,0.016863774308907915
0.003551366214940597,0.01682870657234303
0.0035688671712693684,0.01679074036945774
0.00349968129812842,0.01676179137557008
0.0034309546724238344,0.016743291348960344
0.0033674337193824937,0.016727433997783443
0.0032575940606188636,0.016718727451038192
0.003139319549716668,0.01671597364672495
0.003013194118620424,0.016716142373523542
0.002891508412972187,0.01671634409231362
0.0027888339232501782,0.016714020004803
0.002713418968031166,0.016707921420385092
0.0027099162276205966,0.016685751109761147
0.0027173657812192614,0.016661390680909344
0.0027502789150203755,0.016635489554245566
0.002801022767738201,0.016608905121040157
0.0028631935337482812,0.016581286574646855
0.002919775498559129,0.01655503934163216
0.0029488175281831676,0.01653349739116822
0.0029662752488718355,0.016515386655507034
0.002952803663299137,0.01648469765051308
0.003079012161748747,0.016443564219609987
0.0030699828476144337,0.016398879797917286
0.0030811677503872433,0.016344666524486802
0.0032270232474709867,0.01628646256029213
0.0032045411412355996,0.016238551737175366
0.003189876388374012,0.01620831584670403
0.0031676398958463093,0.016177812202911934
0.003157374015371621,0.01615087361244521
0.003126440878019915,0.016125149682349897
0.003122861519710369,0.016100528988646078
0.003143897643646145,0.016063630296033814
0.003239050621547428,0.016007886197314736
0.003363128287690129,0.015945624301308168
0.003416404716170575,0.015888207923000473
0.003471936168832443,0.015844055535340136
0.003498752430055354,0.0158098515069483
0.0034966076512858413,0.015785330960839828
0.003468643933259611,0.01576664547009749
0.003421222137751411,0.01575446752918928
0.003353259277672683,0.01574577326835553
0.003276945799160005,0.015741425592278726
0.0031755928512455576,0.01574113336525973
0.003092232202731405,0.015737941605791058
0.0029849166570296423,0.01573536664883941
0.002889086160939682,0.015734173612631276
0.0028055360371265856,0.01573192277066964
0.00281483965219384,0.015703232626896085
0.002841275553335674,0.015667965941100013
0.0028133099085241625,0.01563722329333159
0.002800158739661154,0.015615382484436799
0.0027698794919629485,0.015598950544882204
0.0027315017923818796,0.015586299048114113
0.002693440705878656,0.015575667528672718
0.002636508565212128,0.015567753585457202
0.002570135232539246,0.01556342834507629
0.002494980576231736,0.015561418297644673
0.002465497655003728,0.015548672526244273
0.0024355665907637826,0.015533590037290193
0.00242434127893911,0.015512372358335946
0.002522880022526678,0.015465639519372373
0.002617805660411727,0.01542044634481402
0.0026664687594148383,0.015382635793644116
0.002723268114654067,0.015343093094087623
0.0028245793607716953,0.015303468591455581
0.0028626862937409883,0.01526853599869988
0.0028964656088917803,0.015241895558127617
0.0029076008214687405,0.015221778143716346
0.002897954202061836,0.01520746394347733
0.0028687134185519853,0.01519774506019253
0.0028202169185266024,0.015192286413035496
0.0027623071973875498,0.015189435586923136
0.0027000287620679866,0.01518835112127
0.002653195800178511,0.015184490922885974
0.0025763672135968242,0.015182419071830511
0.0025039459528190225,0.015182702828212767
0.0024628097171052565,0.015175061989828096
0.0023996482468686977,0.015169128962823688
0.0023403979875606415,0.015160380872202546
0.0024163233220795706,0.01513672585438269
0.0023640127903795565,0.015114828044477132
0.0023485182109949086,0.015100299501700387
0.00232637098502107,0.01508943856549644
0.002298929884735146,0.01508075345324729
0.0022797273628286504,0.015067617177101141
0.0023169018194914926,0.015046800702953323
0.0024074740768894455,0.015011343043777402
0.002464627412851065,0.014976082394822494
0.002518771040116721,0.014945205657369915
0.0025752732918562452,0.014918782634601344
0.0026102755078548003,0.014895616075437114
0.002628264648124286,0.014877968885486377
0.0026202514308702354,0.014865316371515898
0.0026102384742888473,0.014850881443736636
0.0025877186642491337,0.01484030030705
0.0025445861910047413,0.014833655674199734
0.002489305269509609,0.014830926156252717
0.002426595867808705,0.014830301040199188
0.0023552393653501293,0.014830590929010425
0.0022866794624488576,0.014827817012670044
0.0022729944893321195,0.01481941757530697
0.0022165054783813746,0.014811001610083478
0.00218290813771297,0.014803710096818853
0.002240970409802535,0.01476962932657363
0.002321543308321947,0.014735813443009614
0.0023712879766067336,0.014705239968855366
0.0024222762245971682,0.014680300811257048
0.0024608604489928815,0.01465911927052959
0.002491559289834262,0.014640931040392454
0.0025090254471544678,0.014617347904521955
0.0025602589239786915,0.014594460905444612
0.0025474190075914778,0.014575982536774723
0.002535842901915825,0.014550803924126533
0.0025979115791228045,0.014522434250556243
0.002563359865638606,0.014498827789393797
0.00253047254956996,0.014482810835196126
0.0025072457468318272,0.014469528449955076
0.0024459765358592514,0.014460160115733955
0.002394854771424864,0.014445670870104265
0.0024053980275597466,0.014427137260310082
0.0023615216142408384,0.014410338585747867
0.002328621784928586,0.01439813615275151
0.002315040762857711,0.014384575054330684
0.002283072815619558,0.014371751581351714
0.002262000737835804,0.01436030444100592
0.0022554102180121845,0.014348035988840473
0.002294124686583903,0.014304417164606401
0.002474767683897833,0.014253640967807447
0.0025321728007188576,0.014206724685400648
0.0025940412241681242,0.01417263115393352
0.0026243456776350463,0.014147268286178627
0.0026386445977106625,0.01412719171756732
0.0026300265725687612,0.014111543129774175
0.0026140234754444924,0.014098424619443458
0.002608634883198245,0.014081342598358663
0.0026362723114369555,0.01406164566416622
0.00264388703309971,0.01403752640410865
0.002683755375615557,0.014004356972256935
0.002728992302652136,0.013974302729792314
0.0027322395397174,0.013950975724393619
0.0027193267086123804,0.013935209173499542
0.0026770040851108127,0.013927176711882854
0.0026045963459301294,0.013926119193286866
0.002512896348638666,0.013929487643178334
0.002407620671763898,0.013935458583374232
0.002302590599905391,0.013940042898888217
0.0022227939129227485,0.01394167640085834
0.0021335992428918715,0.013942032935434267
0.002062596281089802,0.013939224270106933
0.0020145936714450934,0.013934415283891095
0.0020274047037234693,0.013899058008452122
0.0022219280621904327,0.013850867413626268
0.0022784441549067685,0.01380314530419097
0.0023664524724381843,0.013765436676639011
0.0024475310329690574,0.013730656043819468
0.0025293746459658555,0.013698585647991729
0.002589581008375811,0.013670357411041714
0.002673411284289512,0.013635989614546812
